processed_text,sentiment
yang penting stabilisas politik dan aman,1
isu gorengan yang sengaja dibuat pemerintah untuk menutupi anjloknya nilai tukar rupiah terhadap dollar mata uang asing lainnya,0
buzzer mana yang tomboy sama yang dikit dikit bilang soros soros,0
tapi cina tidak jual agama dia hny memanfaatkan qi nya saja,2
merdeka bj habibi slm 2 bln dari 15 ribu 18 ribu rupiah nyungsep bila tidak sahkan ruu koruptor n oligarki menguasai koruptor di segala bidang monopoli sebabnya voc londo ireng cara belajar bahasa prance,0
pertanyaan nya ban apakah impor semua iki,2
ayo tebak siapa nama nama besar tersebut masyarakat indonesia wajib kawal kasus korupsi makan bergizi gratis,0
wis jangan ke banyakan omong omong rakyat sudah muak,0
jujur ekonomi 2026 anjlok semua bahan pangan naik mahal semua itu lah yang membuat rakyat menjerit,0
di indonesia investor yang suka investasi di intimidasi malah serponk us karena kartu pejabat nya dipegang cla,0
rupah juga melemah terhadap mata uang vietnam rupiah melemah hampir terhadap semua mata uang asing impor antar negara tetap menggunakan dollar,0
zu1672 bennix mah jualan konten men,2
antihoax9471 ini sekarang bingung kesidolar dasar tidak berpendidikan kali yang bingung,2
kang culik dijadikan pres ya habis kamu pada diperas pajak,0
apakah kebijakan menteri keuangan berdampak signifikan tanpa peran ojk pemerintah melalui menteri keuangan sering mengucurkan dana besar seperti penempatan likuiditas ratusan triliun rupiah ke bank bank himbara tujuannya jelas: mendorong perbankan agar lebih leluasa menyalurkan kredit ke masyarakat dan umkm namun efektivitas kebijakan ini sering dipertanyakan terutama karena adanya hambatan regulasi dari otoritas jasa keuangan ojk peran ojk yang menentukan ojk memiliki kewenangan penuh dalam mengatur dan mengawasi sektor perbankan salah satunya adalah sistem slik sistem layanan informasi keuangan yang mencatat riwayat kredit masyarakat jika seseorang atau umkm pernah macet maka statusnya di slik akan buruk sehingga bank enggan menyalurkan pinjaman meski pemerintah telah menyalurkan dana segar dengan kata lain meskipun pemerintah memberi tambahan likuiditas ke bank tanpa kebijakan relaksasi kredit dari ojk akses pinjaman bagi rakyat kecil tetap tertutup dampak yang terjadi 1 kredit sulit diakses umkm dengan catatan slik buruk tidak akan mendapat pinjaman baru 2 dana terserap di korporasi besar bank lebih memilih menyalurkan kredit ke debitur besar yang dianggap aman 3 kebijakan fiskal tidak efektif penempatan dana pemerintah hanya berputar di sektor formal tanpa menetes ke akar rumput 4 ekonomi lambat pulih karena umkm adalah tulang punggung perekonomian nasional hambatan modal membuat pemulihan berjalan lambat kesimpulan langkah menteri keuangan dalam mengucurkan dana ke perbankan tidak akan signifikan bagi rakyat kecil bila tidak diikuti reformasi aturan oleh ojk oleh sebab itu sinergi antara kebijakan fiskal pemerintah dan kebijakan keuangan ojk menjadi kunci agar dana likuiditas benar benar sampai ke masyarakat yang paling membutuhkan,2
enakan indonesia di jajah lagi deh lbh enak,0
hmm apbnnya naik tapi kalau pengeluarannya juga naik bahkan 34%an dari tahun lalu padahal efesiensi digaungkan sama presiden terus apakah tidak amsyong,0
aku baru tau ada minyak kita murah juga yaa ternyata tapi sepertinya belum pernah lihat di supermarket di batam,1
akhirnya ada juga yang otak nya dipake,2
iyaa mustahil makan bergizi gratis yang beracun dikagumi oleh orang jepang sudah seperti bumi dan langit ketuker,0
kenapa bunga nya tidak di turunin gubernur bi harus di pecat tidak becus dri tdi bagus bagus rupiah 17600 tehadap dollar apa bagus koplak,0
inilah kalau negara di pimpin odgj,0
usut tuntas pelaku korupsi pemerintah pasti melakukan yang terbaik dalam menegakkan hukum tidak ada ruang bagi para koruptor,1
katanya tanggal 1 mau 15 ribu mana ne nyatanya,0
waduh jika yang di depan ituu tembok yang terlihat kokoh pasti saja tidak dapat di terjang maka begitulah yang bisa di lakukan jika yang di depan 2 digit pertumbuhan ekonomi pasti mengarah ke 2 digit,1
banyak yang kabur dari rupiah beli dollar sampai bi batesin jumlah pembelian dollar panik juga tuh bi orang pinter faham peluang kaya lari kemana,0
makan bergizi gratis ini membutuhkan dana apbn yang sangat besar pasti kali akan membuat pajak melambung rakyat kecil juga yang nanti kali akan kena dampak kali stop makan bergizi gratis,0
saya punya 100 kalau sampai 25000 gas tak tukerno,0
solusinya hentikan makan bergizi gratis kedua ganti kabinet yang kompeten dua itu yang terpenting sudah disampaikan berulang ulang sama pak feri,0
makan bergizi gratis keknya mustahil di hilangkan si mau digimna gimna pun soalnya itu janjinya di awal kalau pak prabowo menghilangkan makan bergizi gratis pasti bakal kacau terus yang kontra pemerintah langsung banyak yang turun gunung saya yakin pak prabowo punya cara intinya percayakan dulu kepada pemerintah semoga indonesia baik saja,0
ya lahanin prabowo sebenernya yang salah jokowi ngutang nya seleher dan bersama oligarki ikutan korupsi berikut makelar singapura yang berusaha mengendalikan indonesia,0
sanggup insyaallah pemerintah sudah swasembada beras n jagung,1
jawaban purbaya selalu ada yang disalahkan kayanya gampang bulan juni rupiah 15 ribu per 1 dollar,1
saya yakin porto bapak ini merah merona,2
presiden bodoh pasti negara bakal hancur,0
sampai berbuih buih dibahas tetep saja beba sekarepmu lah,0
perhari ini sudah pusing mas sudah ada beritanya pas rupiah di 17800,0
kerja sama sama iran tidak ada ya disni kan banyak penggemarnya,0
penyebabnya pemerintah tidak becus kelola negara sudah gitu j negara tetangga baik baik j apa apa nyalahin asing hapuskan makan bergizi gratis selamatkan anggaran yang jadi ladang korupsi,0
seharusnya petrodolar itu di hapus saja masak iya orng yang jual minyak dollar yang naik daun brics lebih masuk akal kan,0
tidak peduli lah saya orang desa tidak pake dollar,2
lalu kapan indonesia bisa investasi di negara lain itu baru pemerintahan yang bagus mah,0
seharusnya pidato sekelas presiden harus pakai teks jadi dak ngelantur ke mana mana,0
tidak ngaruh rakyat masih bisa makan enak,1
dan kabar buruknya kedepan impor beras kita akan makin meningkat karena sawah ladang menyempit mencari nafkah makin syulit,0
stop makan bergizi gratis selesai persoalan maling berkedok gizi badan gizi negara badan garong nasional,0
tunggu periode ke 2 prabowo saja mungkin baru menguat di periode ke 2 jadi jangan lupa coblos prbowo gibran untuk indonesia kaya progam ungulan tetap makan dan koperasi,1
okey gass gass gas to 25000,0
makan bergizi gratis siapa lagi di korupsi botak dadan,0
dan kenapa inflansi terjadi setelah puasa,2
mahasiswa tandingannya warga lokal skrng,2
fundamental kuat biasa saja 50k perdollar masih kokoh,0
bukan agenda soros2an tapi murni kebodohan pemerintah arah kebijakan yang ngawur tidak jelas kemana,0
tenang saja belum sampai 20000 indonesia semakin maju ini,1
jangan menyerah pak pur dan tetap semangat pak pur masih banyak rakyat yang mendukungmu,1
buruan beli valas atau emas bro,2
pada bodoh semua para pejabat kaga ada yang becus,0
sudah ku perkirakan pasti naik buat jegal rupiah,0
omong omong digedein tuh lihat hasil koboi kobianya,0
mangkin lama blokade amerika pada iran mangkin tinghi dollar mangkin anjlok rupiah mangkin banyak kelas menengah jadimiskin dan yang miskin jadi melarat kok bisa ya bro,0
selamat buat himpunan pengangguran ormas preman dan kroco kroco lainnya yang sukses membuat iklim investasi di indonesia rusak,0
makan bergizi gratis ganti dengan blt biar ekonomi rakyat indonesia lanycar kembali biar mengurangi kriminal urusan perut maaf sebelumnya ini mah cuma saran saja nasip pedagang kecil daya jual beli lemah parah ampun gusti,0
suminosarimchannel201 yaudah jadi petani biar ngerasa jangan nyocot doang,2
rusia tidak ada duit sudah habis biaya perang banyak investasi rusia yang mangkrak di indonesia,0
ekonom kelas loakan kok ngajarin bebek berenang kan goblok ni lampir,2
keponakan presiden adalah problem utamanya pasar butuh kebijakan moneter yng independen,0
media berita mainstream influencer bayaran ekonom cap kaki 5 mulai bergerak dengan agendanya provokasi propaganda manipulasi sabotase infiltrasi spionase penyelundupan narasi palsu hoax lsm peliharaan asing oligarki mafia dalam negeri mulai bekerja sama dengan asing : hanya karena indonesia ingin berdikari dan membuat kebijakan sistem eksport 1 pintu dengan dsi,1
rupiah 18000 kami di tanah bumbu kalimantan selatan aman saja buktinya setiap hari disini ada hajatan kawinan meriah,1
ayuh dan kita tekan rupiah dengan beli dollar negara bowo omong omong,0
apa saja yang ada di indonesia pasti impor kalau tidak impor tar uang jalan tidak masuk kantong pak gaji buat isri uang luar buat istri sinpenan indonesia stop impo tuh bisa hidup cuma pintar y pemerintah saja mangakali tuk bisa dapat penghasilan luar cara y bagaimana menipu rakyat biar tidak tergantung gaji indonesia bnyak orang pinter yang sedikit orang yang amanah dan jujur tuh mkya susah tuk maju mantap,0
part of the game tidak bakal dihukum mati,2
orang banyak banget punglinya jangankan perusahaan besar yang umkm saja kena bilangnya uang keamanan lah uang koordinasi lahh pantas saja investor asing pada pilih di vietnam daripada di indonesia,0
sekolah gratis sampai sarjana lebih ber guna bagi masarakat makan bergizi gratis banyak penyimpangan tidak sesuai dengan orogam pak presiden kebih baik makan bergizi gratis dan bpjs di ganti sekolah gratis hingga sarjana bahkan hingga s ii rakyat milik negara dan negara adalah rakyat tidak ada negara jika tidak ada rakyat jadi rakyat wajib di pintarkan dibiayai negara bukan sebaliknya rakyat jenius negara kuat tidak di bodoh i bangsa asing jangan seperti roi suryo dan kelompoknya yang tidak ada kontribusi busnya pada negara orang tuanya salah mendidik fi srkolah biar pandai tetapi menjadi sntek asing tidak sejalan dengan pemerintahaan justru bikin gaduh memfitnah nah menjelek an pemimpin bangsa sendiri yang sese iman dan sebangsa ibarat makan bsngkai menjelek orang yang se akidah dan sebangsa,0
tahun 2025 indonesia pun impor 5 ribu ton beras di bulan mei n itu impor resmi bukan selundupan yang kayak yang sering disita itu ya biarin saja lah bro tidak perlu menyanggah komentar netizen iq 78 yang tukang nyinyir tidak bakalan bisa,0
kata kata hari ini lebih baik menjadi ultraman dari pada menghadapi cinta yang tidak permanen,2
dimana mana menteri keuangan selalu bekerja dalam senyap kalau ini tebar pesona yang hasilnya tidak mempesona mungkin balik ke sri mulyani bisa dipertimbangkan,0
kena cuci otak kita awalnya manis terselubung niat membunuh rakyat tak lama kedaulatan negara dikuasai hilirisasi batal bukan indonesia emas tapi derita kolektif,0
tetaplah bersikap positif karna negara kita yang paling stabil di asia,1
omongannya scam omong angin kosong tidak sesuai fakta tidak ada langkah langkah jelas tindaklanjut ya bagaimana tidak realistic harnya harapan kosong cepeta hancur lah negara ini muak liat orang orang palsu ini,0
konon di indonesia ada tukang ayam jadi pleciden tukang tempe jadi mentri,2
rakyat nya miskin banyak tidak mkn,0
alihkan saja ke setiap setiap sekolah pelaksanaan nya biar lebih efektif dan efisien serta lebih mudah pengawasannya,1
sutediheriyonobaladmaung inilah contoh manusia yang tidak percaya ada nya tuhan orang yang tidak bertuhan memang nyata seolah olah kamu hidup dari batu baru yang tidak bernyawa yaitu kamu orang bodoh sombong tidak mau kalah dengan takdir tuhan,2
bagus saatnya indonesia genjot ekspor besar2an dan saatnya kita harus hemat impor besar2an selama bensin beras dan lain lain murah serta tersedia banyak bagi masyarakat luas maka inshaallah indonesia akan baik baik saja bismillah indonesia kuat tangguh,1
makan bergizi gratis di pertahankan buat penopang 2 periode,1
jangan mengatasi dollar mengatasi ijasah palsu saja enga bisa kelar kelar bnyk interpensi,2
singapore jenius indonesia pajaknya kebangetan,0
non blok gimna bang kalau jelas join brics,2
sudah tandatangan atau baru janjian sama kayak kejadian tesla dan segala proyek yang belum realita tapi sudah koar koar make it happen first,0
di brogol masih juga senyum senyum tidak malu muka tembok gedek bukanya nunduk malu tidak ada rasa menyesal makanan anak sekolah di korupsi goblog,0
7bramm betul si kak q juga begitu,2
anak desa tidak mengerti dollar,2
salah kelola negara yang kaya raya tapi dijarah oleh oligarki,0
mana buktinya ngoceh 2025 dollar 17000 asbun cuk,0
bagaimana masyarakat punya daya beli tidak terjerat judol yah terjerat pinjol jogetin saja sip all in,2
kapan turun ayo turun cepat,2
rupiah melemah ke semua mata uang,0
nyesel banget dan merasa berdosa dulu pilih prabowo bener bener tidak becus urus negara,0
go go war usa israel iran everyday,2
13700 bro 1 dollar singapura hahahah,0
kalau dollar tembus 25000 1 dollar yang kelojotan orang orang yang banyak mengunakan dollar kalau perusahaan banyak import mengunakan dollar dan tidak banyak export maka perusahaan nya akan bangkrut bagi petani tidak perlu dollar karena punya beras punya lauk ikan ayam tidak beli yang sedang bingung itu pengusaha dan orang orang yang suka poya poya ke luar negri rakyat di kampung tidak perlu dollar ya,1
sehat sehat selalu pak prabowo dan pak purbaya pejuang kemerdekaan indonesia dari penjajahan mafia singapura dan malaysia,1
cari panggung n waktu berkuasa lebih parah semua partai sma semua sok2annbela rakyat taek,0
prabowo bilang negara kita kaya,1
kenapa tidak ada agen pengepul ke seluruh pelosok,2
katanya warga desa tidak pake dollar prabowo,2
rakyat kek gitu yang bisa nabung itu normal kita kan kaga normal becus memilih pemimpin kaga pola pikir jangka pendek apa itu persiapan 20 tahun kedepan ngapain mikir besok rejeki sudah ada yang ngatur kata bro yang rajin menggunakan otot tapi malas menggunakan otak,0
menurut saya pelemahan nilai tukar rupiah akan mendorong imported inflation yang lebih tinggi harga barang impor seperti pangan yaitu gula daging sapi gandum dan kedelai akan mengalami kenaikan harga yang lebih tinggi kondisi ini akan menciptakan tekanan inflasi yang lebih besar di dalam negeri,0
engak bapak bapak rupiah jatuh yang penting gaji hakim lagi gedek dari malaysia dan punyai jet rafalie,0
perlunya transparasi program makan bergizi gratis dan itu wajib hukumnya,0
narasumbernya sangat kompeten kalau saya jadi prabowo saya akan rekrut orang orang spt ini untuk ikut membenahi negara,1
program yang tidak realistis dan pengurus yang tidak amanah menyengsarakan rakyat saja,0
ya nih pasti naik tega banget dah,2
stimulus kompor listrik bro agar lpg tidak impor,0
lha memang iya bagus untuk export buruk untuk import pintar sekali,2
makan bergizi gratis nomor 1,0
sirr moneyy sirr jogetin saja,2
prabowo harus kenakan tarif pada produk china,1
makan bergizi gratis dan sbn syaitonirojim,2
tidak usah impor ngapain impor walaupun tidak impor masih bisa makan kalau di indonesia,1
yang membuat pebisnis malas dan ogah mencari ijin usahanya adalah berbelit dan banyaknya aturan perijinan yang biayanya bisa sama dengan usaha yang dibangun ijin inilah ijin itulah disamping itu uang pajak realitanya malah lebih banyak dikorup daripada yang disetorkan ke kas negara masyarakat bukannya dibantu dalam menciptakan peluang usaha ini justru seolah sengaja di persulit,0
saya mau ikut kelas bagaimana caranya,2
dedemouzez8501 dollar singapura dollar australia dan dollar uni eropa,2
ganti saja kl tidak sanggup,2
masalahnya banyak media besar indonesia yang jadi perpanjangan tangan amerika,0
ini nilai rupiah kok makin parah ya kok makin tidak ada nilai,0
budimangunawan3199 pilipina itu negara benua afrika ya monyet indognesial tidak tau mengeja mau ngomong tarif,0
penghambat kemajuan dan kemakmuran negeri ini adalah para koruptor dan lintah departemen kalau tidak ada keseriusan penegakkan hukum negeri ini hanya bisa melangkah dengan terseok seok,0
pemerintahnya local maupun pusat sama bejatnya too greedy and selfish the law of land building ownership by foreigners and building development law must be stricter dan orang orang yang mau minjemin namanya juga harus diselidiki dulu seblm approve beli rumah dari segi financial especially btw hey wayan murah banget nama kamu kamu jual cuman 3 jt semurah harga diri kamu dan kecintaan kamu sama bali,2
indonesia masih import ayam telor dari vietnam thailand china dan amerika masa mau import ke saudi otak mana otak,0
makan bergizi gratis proyek tahan malu terlanjur janji omong omong sambil ngibulin 58% yang malas berpikir cerdas,0
kamu kira 8% kaya nyeduh mi instan wkwkw tololnya kebangetan,0
yang penting masih bisa joget ok gas ok gas,2
tidak usah beli barang dri amerika boikot saja biar bangkrut,0
uang rupiah buat membazir prabowo jalan jalan pusing dunia pergi minum minum mabuk mabuk di luar negara,0
swasembada di rumah nya amran,2
saham sih yng paling baik sama properti yang harganya pasti naik kayak emas tanah dan lain lain,2
kita percaya pemerintah punya pertimbangan matang dalam setiap langkah yang diambil,1
wah gawat ini bukan lagi tentang 19 jt lapangan pekerjaan tapi 19rb dollar,0
uang negara bocor habis untuk makan bergizi gratis,0
otak kau sudah terlalu bersih di cuci walaupun kenyataan nyata di depan mata,2
untung sudah bl dollar banyak dari tahun lalu lumayan bisa dapat cuan banyak jualan dollar mudahan bisa di atas 1 dollar bisa 30 ribu,0
do coba main shelter of sursur,2
mentrinya keuangan lebih bagus di jaman srimolyani,0
selama purbaya tersenyum rupiah tidak apa apa sampai 25 ribu per dollar amerika lanjutkan,1
tapi kalau suku bunga ditahan atau malah diturunkan saat seperti ini ditengah gejolak geopolitik jangan jangan dollar malah lari k safehaven emas uang malah tidak ngalir,0
presiden dn menteri2nya kompak bilang dollar naik tidak masalah eh skrg kalang kabut ketahuan kan kalau kalian bego,0
semoga kebijkannya pro rakyat ya,1
2026 2028 tumbang rezim prabowo jika ekonomi tidak ada perbaikan prabowo tidak bisa di andalin dari pemilihan pejabat korupsi ugal2lan sok keren paham nasionalisme hajar kanan kiri semua punya timing dan action yang tepat tidak grusa grusu,0
jangan langsung percaya dengan potongan video atau kutipan yang menyudutkan,1
jaman skrg mana ada yang mau mundur,2
sudah ketar ketir malaydes sekarang jangan harap bahan mentah ada dari indonesia dengan harga murah,1
bukan cuman prabowo tapi purbaya juga ini menkeu aneh aneh mulu dulu katanya bisa selesai soal isu rupiah satu malam saja kemudian ngomong bisa selesai dalam 1 minggu nah sekarang bisa selesai dalam waktu 2 bulan omong omong,0
betul tuh min ngomu jika masa perang dunia 3 yang menolak food estate dan makan bergizi gratis akan diberlakukan seperti kampanye patriotic grow inggris masa perang dunia 2 nanti di lapangan sepakbola trotoar bahkan balkon untuk tanam sendiri,1
jayasakti6656 eww beropini saja dijawab gini lha wong nyatanya rupiah paling parah ya sekarang tahun 1997 dollar cuma tembus 16 ribuan dan jadi 6 ribuan dalam 18 bulan lha ini dari 15 ribu sekarang 18 ribu ma dibiarkan tembus 20 ribu gitu eh btw saya orang indonesia loh,0
kopdes makan bergizi gratis bikin ekonomi hancur apbn depisit berarti pengeluaran negara mines jelas ekonomi negara hancur,0
kamu saja yang mampus bareng keluarga kamu rakyat indonesia tidak mau,0
buat yang tidak kebayang rp 5397 triliun sebanyak apa nah kalau di tumpuk pake uang rp 100000 tuh bisa 6x lebih tinggi dari gunung everest kalau masih belum kebayang nih ye itu monas di tumpuk sampai 409x tuh dengan estimasi tebel uang rp 100000 itu 01 mm,2
pemerintah harus balas si arab saudi,2
apakah makan bergizi gratis itu berlaku untuk seluruh siswa siswi yang ada di indonesia kalau untuk seluruh anak siswa siswi kok sampai saat ini di sd saya yang ada di cianjur selatan belum pernah kebagian kemana tuh uang nya,0
ucapan yang tidak menenangkan per detik ini saham turun 2 persen jumat jam 10:03,0
katanya swasembada beras ternyata fakta di pasaran harga beras mahal,0
asik banyak uang wani piro masuk apalagi bagian perizinan suka banget lagi orang indonesia saja dipersulit perizinan sama oknum biar keluar duit untuk dimudahkan apalagi orang luar taik lah oknum perizinan,0
ini yang di lindungi dan diperjuang kan mentri keuangan dan mentri umkm memberi karpet merah tidak berani mereka melarang dan menutup exspor yang jelas merusak harga dan mematikan industri lokal,1
purbaya sakit ya kok makin tidak waras,2
ini seperti bom waktu yang bisa meledak kapan saja,2
serangan asing tidak suka indonesia mandiri hilirisasi mengatur export mafia sawit tidak bisa bermain,1
mereka makan uang riba dan juga membunuh rakyat indonesia secara berlahan lahan pakai uang riba,0
bangga anak anak bangsa edukasi bidang otomotif semoga lebih maju berkualitas,2
tetap bisa ini indonesia bro,1
itulah ndasnya peang matanya buremm,2
pejuwamg kok takut dollar naik saya rakyat kecil tidak takut,1
ngmong apa si kamu sekolah yang tinggi biar pintar,2
makan bergizi gratis itu hy memberi peluang bisnis bagi yang punya modal,0
apa benar koruptor di indonesia menolak uang digital,2
kelihatan kualitasnya andaikata terwujud kurs rupiah bisa ditekan sampai 15000 rupiah pasti langsung berkoar itu sesuai langkah yang saya rencanakan begitu rupiah tembus 18000 rupiah urusan itu saya serahkan ke bi,0
mantap pak ra koruptor pada bingong nyari celahnya,1
what are you talking about are you alright dude,2
desa 2 setiap tahun di berikan sama pemerintah uwang pada di kemanain,1
makin lama makin tidak jelas negeri ini mafia semakin kuat,0
selamat ulang tahun bank indonesia yang ke 68,1
sibuk ngurusin negara orang sih tidak mikirin negara sendiri,0
ini orang suruhan soros di bayar berapa dia,1
pake motor mobil listrik ah ribet amat gua bukan budak barat,0
tiriak sedikitvaja di teror kok mau jadi th 98 tidak mungkin,1
bodoh skrg masih era perang bbm dan beras tidak naik saja sudah alhamdulillah,1
wkwkk tetnyata oh ternyata tidak spt saat dulu sblm jadi pejabat,2
banyaknya penyelundupan terjadi karna bea cukai ikut bekerja sama dgb penyeludup dinaikn gajinya sebesar apapun tetap tidak pengaruh karna aman dn menyenangkn bagi keduanya siapa yang mengawasi barang itu ada dipasaran disitu mulai lagi jaringn yang lain mereka selalu mencari celah walaupun akibatnya merusak produk dalam negri masyrkt cape mikir lagi yang penting dapat barang murah,1
makan bergizi gratis setiap hari 1 t itu kan bikin lemah,0
angkat topi sama kinerja parabowo mantap 2029 pensiun saja tidak usah ikut nyapres lagi bisa bubar,0
fokus cari kerja fokus usaha lepas nganggur dulu jangan liat berita beginian paham tidak stress iya,2
komisaris hana dino pati bro tyo ini anggotanya,2
teori ngaco yang jadi acuan kebijakan moneter karena yang menciptakan bukan manusia berperikemanusiaan admin hny menyampaikan teori yang sudah dipelajari dengan susah payah terima kasih admin rakyat indonesia harus mampu menciptakan ribuan triliun unlimited tanpa inflasi harga boleh tinggi tapi pasti terbeli ciptakan daya beli tanpa tergantung kebijakan moneter,2
kalau lewat 18 hari dollar tidak turun rakyat mau apa ya,2
yuk bisa pas 17 agustus nilainya 19450,0
nah gitu investasi untuk indonesia jangan kpop sama kdara kamu mau investasiin minimal danantara harus punya otak memajukan indonesia bukan negara lain,1
perry marah besar setelah anggota dpr suruh dia resign saking marahnya dia langsung naikkan sbi,0
jangan ragu pasti kita dapat alasannya,2
1 united states dollar equals 18 02260 indonesian rupiah going for the 1 dollar 19000 rupiah indonesia rupiah will soon overtake india rupees amerika asia worst performing currency indonesia bisa,0
record muri all the time in indonesia goverment right now,1
jangan bilang terpaksa ente emng harus tegas bos,2
mata uang sudah dalam bahaya,0
ini presiden kalau mimpin negara kayak di amerika latin sih sudah pasti demo setiap hari jadi ruti nitas di sana soalnya ada orang aneh ego besar merasa benar,0
kalau mau sidak dtg lgsg naik ojek tanpa pengawalan tanpa pemberitahuan kelakuan kuno dari jaman aku sd kalau ada presiden datang ke daeraku lgsg bersih bersih kota tukang becak diliburkan dulu biar nampak rapi kotaku tipu tipu jaman kolonial,2
pak mohon alihkan saja makan bergizi gratis ke sekolah gratis kuliah gratis lebih bermanfaat,1
korupsi nya itu ada di jalur pembangunan dapur makan bergizi gratis,0
sekarang koruptor berpesta pora dikritik marah bbm naik uang kuliah selangit,0
warga indonesia selalu memberi alasan yang konon nya indonesia sukar untuk maju disebabkan penduduk yang ramai 282 juta dari data statistik 2024 serta keadaan geografi negaranya yang luas ini merupakan suatu alasan yang tidak masuk akal dari segi pendapatan melalui cukai sahaja indonesia mengalami kekurangan pendapatan bajet ketara dari pungutan cukai daripada individu hanya ada 27 juta pembayar cukai berdaftar di indonesia daripada 282 juta penduduk merangkumi 9 peratus dari jumlah penduduk yang mana menurut pejabat cukai jumlah pembayar cukai sepatutnya adalah 120 juta 424 peratus yang sepatutnya ini tidak termasuk pendapatan dari sumber alam serta hasil bumi yang cukup besar berbanding negara jiran banyak ketirisan yang berlaku laporan daripada indonesia juga mengatakan bahawa golongan menengah golongan pembayar cukai juga telah jatuh dengan drastik pada tahun 2024 dan diunjurkan akan terus jatuh pada tahun tahun berikutnya ini bermakna pendapatan kerajaan indonesia juga akan terus jatuh perbelanjaan serta kos operasi pemerintah juga naik disebabkan jumlah kabinet yang besar terlalu banyak jumlah ministers non ministers portfolio berbanding dengan negara malaysia sehingga 31 dis 2023 jumlah pembayar cukai individu adalah sebanyak 57 juta daripada 32 juta penduduk merangkumi 18 peratus dari jumlah penduduk dengan hasil kutipan rm4096 bilion setahun juga akan dipenjara atau didenda penalti jika tidak membayar cukai seharusnya negara indonesia memiliki bajet pendapatan dari cukai yang lebih besar berbanding negara malaysia disebabkan jumlah penduduk nya yang ramai pertumbuhan ekonomi sesebuah negara yang pesat dari tahun ke tahun seharusnya memberi kesan positif kepada kutipan cukai ini bermakna semakin berkembangnya ekonomi semakin tinggi jumlah kutipan cukai yang dapat dikutip kutipan daripada cukai perlu mendapat sokongan daripada rakyat jika kita sebagai individu gagal dan mengelak membayar cukai adalah sukar bagi kerajaan menyediakan kemudahan dan pembangunan infrastuktur seperti jalan hospital sekolah sekolah dan juga kemudahan asas yang lain nya serta bantuan subsidi minyak bbm beras gula barang keperluan asas yang lain yang diperlukan oleh rakyat itu sendiri banyak video video reaction reaction postingan postingan somed daripada warga indonesia yang selalu menghujat pemerintah mereka sendiri kerana tidak memberikan menyediakan kemudahan kemudahan asas yang berkualiti serta bantuan yang sepatut nya kepada warga negara indonesia gaji infrastuktur asas bahan bahan keperluan bersubsidi etc etc pembayar cukai kamu hanya 9% daripada 282 juta penduduk jiwa berbanding malaysia iaitu 18% daripada 32 juta penduduk so kepada warga indonesia jangan nak atau hanya pandai komplen sana sini you guys are not doing your part for your own country kamu lebih suka bikin konten video video porno sama guru atau sama pacar dalam mobil honda atau mememek serta joget jogetan separuh bugil dengan pendapatan lebih besar daripada pungutan cukai rakyat indonesia segala kemudahan asas berkualiti serta subsidi boleh diperuntuk kan dan dipulangkan kepada rakyat pendapatan melalui gaji juga akan lebih besar purchasing power rakyat juga akan naik dan penghijrahan warganegara ke negara negara lain untuk mencari rezeki boleh diminimal kan presiden baru bapak prabowo harus menerapkan disiplin ala tentera kepada rakyat indonesia sebagai satu langkah permulaan my 2 cents,2
program sangat membantu gizi anak dan dapat menyerap 1000 tenaga kerja lokal,1
ayo lempar tanggung jawab pas berhasil ayo cari muka,0
kok tidak pakai alat y masih manual tidak canggih tidak ada yang hebat ternyata di indonesia ini,0
bubarin saja dripd jadi prdbtn terus,2
umkm sulit dan turun deratis tetapi koropsi naik meroket kita nya menuju ekonomi emass,0
bubarkan makan bergizi gratis dan kopdes itu pemborosan apbn,0
banyak duitnya orang orang itu,2
lebih baik di hentikan dulu sementara bangun dulu sistem nya dengan baik saran saja setiap daerah ada team audit pengawas lapangan dan itu harus indepedent dan setiap kepala daerah punya wewenang croscek sppg kenapa setiap kepala daerah harus punya wewenang karena mereka harus punya data pertumbunan anak anak efek dampak program makan bergizi gratis kualitas guru pengajar pun harus upgrade berkala sesuai dengan kurikulum kemendikbud dari kurikulum yang bagus setiap daerah kota bisa mengirim anak anak berprestasi untuk olimpiade tingkat provinsi nasional insya allah mungkin target indonesia emas 2045 bisa tercapai,0
tahun 2026 bisa ketemu buat makan sama bayar kontrakan saja sudah bersyukur,1
buat la kerja sendiri tanpa banding dengan negara lain,2
pake yuan pake rubel ato pake dollar singapore saja pak kalau mau belanja minyak permainan barat bpk lebih pinter lah,0
otak kau memang sakit sama seperti pemerintah,2
sholat di mosola saja ada yang kurang dari 26 orang ini korupsi 26 orang berjamaah korupsi,2
semoga pak purbaya diberi kesehatan ridho allah swt rakyat indonesia makmur aamiin,1
indungunesia injak balik salam 18000,2
suku bunga bi naik akan tetapi bunga tabungan dan lain lain turun,2
buru buru dah tinggalkan rupiah kalian mending punya aset tanah jaga jaga kalau mata uang sudah tidak ada harganya minimal masih bisa hidup dari hsil kebun di tanah kalian,0
saat negara negara eropa tengah dilanda krisis ekonomi karena perang inilah saatnya indonesia menjadi pusat perekonomian dunia,1
sudah msk jurang aza semua rezim termul sudah tidak dipercaya market kamu prabowo prabowo termul bukan rumor bego tapi fakta,0
masalahnya makan bergizi gratis kalau masak pake gas melon belanjanya di pasar bukan di petani jadi harganya naik yang tidak kebagian sppg rakyat kecil kena imbas harga naik,0
ketahuan penuh kebencian hati kamu,2
setelah bretton woods agreement berhenti 1976 amerika merubah dari emas ke minyak untuk jadi nilai tukar dollar btw imf world bank adalah warisan dari sistem bretton woods yang masih aktif sampai sekarang,2
kondisi ekonomi indonesia terlihat di wajah menteri purbaya,2
bukan pasar yang salah paham namun prabowo yang salah pilih menteri,0
pertanyaan saya gimna cara ngirim ke luar negeri ya saya di kampung stock melimpah,2
ud kubilang: indonesia akan hancur dari dalam tunggu waktu saja,0
semoga pemerintah melek secepatnya carikan solusi kemakmuran rakyat sebelum didahului negara lain,0
kasih makan gratis baik untuk tumang becak gelandangan pengemis,1
ekonomi indonesia akan membaik bila rakyat bisa memilih presiden wapres dan wakil rakyat orang orang yang jujur terpercaya cerdas kolaboratif selama rakyat masih tetap salah memilih presiden wapres dan wakil rakyat seperti 25 tahun terakhir ini indonesia menuju kebangkrutan,0
rakyatnya juga yang tolong sampai hasil survey iq saja cuma 78 milih pemimpin berdasarkan ketololan ya begitu,0
yang penting senyum kok repot,2
deflasi mauun inflasi sama sama berdampak buruk bagi masyarakat yang enak cuma mukidi dkk,0
tidak bisa sesepurna arab tapi setidaknya mendekati karena sulit keadaan geografis indonesia yang banyak pulsu,0
selama kebijakan fiskal dijalankan dengan disiplin masih aman,1
ini orang masih gunain otak apa kagak,2
yang ngurus bi juga tidak ada keahlian keuangan atau finansial guru ekonomi masih lebih pinter dari dia,0
cukup mengerikan suasana ekonomi sekarang ini,0
bennix mana nich impor sampah malah dibilang bagus buat negara bennix tulul,0
seleksi sja sekolah nya sekolah sekolah elite jangan kasih sekolah sekolah yang mayoritas seprti sd inpres dan lain lain,0
padahal itu semua hilirisasi dimulai sejak presiden jokowi tapi semua keluarganya difitnah ijasah saya sendiri yang nyoblos jokowi dan gibran,1
mampi ke dpr enak kayaknya dan duduk di kursinya puan maharintod,0
kapan yah pendiunan punya mobil mewah motor mewah wadaun kasihan dan malah terpwrosok pensiunanmah,2
mau bekerja sama sama negara manapun indonesia kalau pemerintahan nya tidak becus kerja ya tetep ajah miskin rakyat sengsara tuh liat negara jepang walaupun nurut sama amerika maju dan rakyat nya sejahtera,0
mata uang terburuk se asia malu maluin sih sumpah,0
uang 200t itu uang rakay masa rakyat pinjem di bank di kenakan bunga itu uang 200t harus dibagikan bukannya dialihkan ke bank bumn otak licik pemerintah menteri keuangan kalau mau menjalankan perekonomian supaya berputar berikan modal rakyatnya,0
32:20 mau ditangkep 10rb koruptor sama kejagung kpk juga tidak ngefek hukumannya makin kesini makin super ringan : 2 tahun penjara vvip bebas bersyarat bebas kaya raya bisa nyalegg tidak masuk akal bisa jadi ketua a z di lembaga pemerintahan lagi tanpa perlu skck kalau beruntung ex koruptor bisa dapat penghargaan bintang mahaputra dari presiden prabowo corruption index rank kita itu di rank 109 setara negara aljazair algeria dan mau buat macam 1 pintu expor dsi 48:00 dengan sdm korup otak pas2an jam terbang baru 1tahun satu indonesia satu dunia pun akan tau endingnya akan bagaimana,0
betul i pak daud mari kita bertekun berdoa minta tangan tuhan membantu kita umatnya,2
belum bikin pabrik sudah di palak ormas sama pejabat yang ada mah lari semua,0
enak jaman bayar pakai uang tunai,2
buat apa rupiah menguat terhadap dollar kalau sda kita tidak menguntungkan kita rakyat indonesia yang diuntungkan hanya pengusaha bersama permainan licik manipulatif negara luar,1
apa kira berani kejagung memanggil mereka para petingginegara dari dulu hingga srkarang hanyalah omong omong berita nya saja yang sangat menggemparkan membuat rakyat terkesima dan berharap harap namun ending selalu zonk bualan pejabat,0
ayo mama ghufron bisa jadi presiden indonesia,2
menteri pertanian mati matian brg petani biar swasembada malh prabowo impor biang onar memang prabowo ini,0
akhirnya pak prabowo swasembada impor omongan bpk tk bisa di percaya,0
orang desa itu dungu dan tidak mengerti dilar jadi tidak mengerti damapk negatif nya inilah contoh nya iq dan tidak ber iq,0
semoga indonesia tambah makmur seperti tahun 1998,1
inti nya suku bunga bi mesti stay di 625 725% kalau mau rupiah stabil di 3% loss per year,1
biarkan rupiah jatuh biarkan rakyat kelaparan biarkan rakyat hidup miskin tetapi nasionalisme bangsa indonesia tidak bisa di jual belikan sekali merdeka selamanya merdeka merdeka merdeka merdeka nkri harga mati,0
makan bergizi gratis membuat kecemburuan sosial secara massal warung sepi pasar sepi pkl sepi pembeli,0
curhat mulu prabowo tidak guna,0
untung saya golput jadi yang memilih mereka jadi pemimpin selamat menikmati ya,2
kalau sudah tau ada pemainnya ya penjarakan boss kok malah bikin lembaga baru,0
he is army guy amerika expected,2
semoga perekonomian negara indonesia ini cepat membaik dan stabil,1
makan bergizi gratis jelas dan nyata menyedot uang apbn to uang trilyunan berakhir di wc dan rawan korupsi,0
orang indonesia itu kadang aneh kena apa mereka tidak pernah ber pikir lobster itu di pelihara di budi dayakan di indonesia biar makmur eh plh di ludupkan di jual ke luar negeri suguh miris,0
bagaimana apbn tidak kurus kering karena terlalu sering di obok obok,0
awas qodari bisa ngomel nanti kalau kita asal ngomong warung kopi kan tidak pake dollar,0
dollar e tembus 18rb lebih hebat kalau sampai bisa turunin dollar 6000 eh jagan deh terlalu berat 10rb saja deh hebat kalau bisa kwkwkwkwk,0
dah jauh ketinggalan indonesia mungkin sumpah daulat raja raja melayu yang dibunuh oleh pki sukarno dulu,2
hapus makan bergizi gratis di pak jawa alihkan dana makan bergizi gratis untuk pendidikan gratis dari tk paud sd sampai perguruan tinggi serta pendidikan dan latihan kerja yang standar internasional di segala bidang untuk memenuhi pasar tenaga kerja internasional yang berkualitas internasional,1
apa yang di lihat orang ke pasar angka duit tidak akan bohong,2
mau 1 pintu banyak pintu yang penting kenyataanya nanti cuma ganti cara atau apa saja namanya yang penting bukti,2
mudah an bunga 7 % cukup y bang untuk rakyat miskin,1
begitu mudah manyalahkan timur tengah alasan mudah,2
si omonjing syaiton ini harus dilengserkan benar benar sudah muak ngomong selalu membanggakan diri tetapi kenyataannya dipasar berkata lain,0
mulut nya purabaya kek wc asal mangap,0
keputusan bank indonesia dengan mempertahankan suku bunga kali ini salah besar sudah waktunya naik 25 bps,0
tanam bijinya prabowo ke anunya si teddy istrinya,2
katanya export meningkat tpi nilai rupiah mlh terus akan menjadi sampah jelas jelas channel bayaran,0
sejak orba berdiri indonesia memang dibuat banyak bergantung pada amerika,0
: kita untung 50 : 50 tidak ada yang dirugikan kamu 50 saya 100 eh maksudnya 50 juga,2
sangat riskan negara bisa bangkrut,0
wah thank you ya for this insightful video,2
rupiah melemah itu bukan salah pemerintah itu salah dollar salah n egara yang pegang,1
maseeh menggunakan teori lama tentang investasi yang bener itu rapbn investasi itu harus melalui rapbn ekosystem sehat tanpa disuruhsuruh alien bakteri yang bikin tekor di sektor pengawasan dan perundungan karena bekerja dimulai dari 0 pada sektor keamanan dan bukan bekerja secara kolektif termasuk sektor migas gua tidak pernah nanganin migas yang jelas golkar busuk dalam penanganan logistik deflasi yang terjadi adalah karena diakibatkan inflasi sebelumnya yang terjadi yang akibat golkar menangani sektor pangan,0
banyak koruptor di indonesia jadi rupiah jatuh,0
pemimpinmu yang bodoh orang disalahkan anggota 58% anda ya,0
sedikit info dari saya yang seorang petani sebenarnya program makan bergizi gratis tidak berpengaruh terhadap hasil pertanian justru menjdi bumerang karena kalau saat pane komoditi yang kebanyakan orang tanam sementara makan bergizi gratis tidak menyerapnya justru harganha jatuh bebas seperti sampah tetapi saat hanya sedikit orang yang menanam tiba tiba harganya bagus tetapi petani dipermainkan oleh pengepul info harga yang mahal sengaja di tahan supaya petani tetap menjual dengan harga standar,0
woi dpr kamu itu wakilin siapa sih kok jadi lupa diri,0
ayo pak mentri tetap rayat dudung ke bijakan pak mentri tak usah dengar isu mesatkan ini maju terus pantang mundur,1
barang barang dari cina di stop itu di shopee barang cina bertebaran pemerintah harus tegas dan beacukai boleh belanja dari ln ada kuota juga dong bukan barang sudah jadi puluhan ribu dari cina semua di bawa ke indonesia tolong beacukai jangan seperti ini indonesia mulai krisis kalau 10 100 box saja tidak masalah untuk kalangan sendiri ini sampai puluhan ribu 1 barang harus besa beda in marketplace online di indonesia online shop warga asing jualan di indonesia sama warga lokal kelihatan kok jangan asal masuk masuk orang ln ke negara kita juga di batasi gerak geriknya di pantau kayak negara sebelah,0
sudah tidak percaya sama presiden tukang ngibul,0
bila negara ingin maju maka akan ada angin kencang yang menghadang indonesia sudah berada dijalur yang tepat untuk menjadi negara maju terbukti pemerintah sekarang sangat dilemahkan negara luar dan mengadu internal negara untuk pecah,1
pak prabowo masih fokus di sawit dan padi kyknya indonesia banyak potensi tapi kapan kita punya pemimpin yang visioner seperti xin ji ping hampir semua bidang bergerak bersinergi,0
sda di kelola asing di export lewat danantara hasilnya untuk bancakan para pejabat nya rakyat cuma gigit jari dan jadi penonton yang baik,0
krisis kepercayaan habis lah banyak emiten suka memalsukan laporan keuangannya dan menjadi bandar dengan memangsa investor data2x bps juga tidak sesuai dengan kenyataan di masyarakat banyak koruptor menjadi pejabat investor tidak akan percaya lagi,0
beli bakso tidak pake dollar,2
semua karena kerakusan para pejabatnya,0
sudah tidak tertolong ky y rupiah,0
dunia sudah tau siapa penguasa indonesia sekarang,2
kalau malu dan mau menutupi kesalahan atau kedunguan ngomong yang keras,2
semoga tidak ada kebocoran lagi setelah ini dan rakyat sejahtera amin,1
donjuan i8j mungkinkah suku bunga tinggi,2
siapapun menkeunya kalau masih ugal ugalan menggunakan apbn bukan untuk investasi perekonomian tetap akan hancur,0
makan bergizi gratis jelas cuma program omong omong tidak ada manfaatnya hentikanlah bikin polemik saja,0
13:00 death spiral 50% pendapatan buat bayar hutang gali lubang tambal lubang kalian semua tau nasibnya bakal bagaimana hehehehe,0
jepang negara kecil dan maju angaran negara aman sedamgkan di indonesia pendapatan negara hanya dari pajak rakyat yang logis dong jepang ko buat percotoan makan bergizi gratis,0
jangan jual indonesia indonesia kaya raya berantas korupsi semua sektor dan adili joko widodo berikut geng solo laknatulloh,1
saya curiga kalau ceo makan bergizi gratis terlibat tau kan siapa ceo makan bergizi gratis,0
karena para pemimpin yang berkuasa hanyalah pedagang serakah yang nyari untung secepatnya bukan nasionalis yang ingin negeri kita bebas merdeka mandiri dengan mendirikan industri di negeri sendir i,0
diahju dulu masih kuliah semester 1,2
batalkan dsi stop makan bergizi gratis save rupiah dan bei,0
kalau gagal masuk investasi pasti karena banyak yang korupsi,0
baser baser jhos soros mulai muncul,1
masalahnya bukan sri mulyani tapi sumber masalah itu prabowo,0
siap petani ekspor sendiri hasil pertaniannya petani harus sejahtera,0
kata triliun sering di dengar di era prabowo jarangan di dengar di era jokowi ada apa,2
kenapa tak sampai 20 ribu rupiah,2
kelamaan diem prabowo cuma pidato doang sama omong doang aneh bukannya di beresin dl masalah melemahnya rupiah,0
dah banyak yang ngingetin ikn malah diterusin whoosh malah diterusin malah bikin makan bergizi gratis dan kmp apalah,0
pauluspandiangan6839 ya gapapa ngawur yang diatas saja kalau ngomong sama ngawoornya,2
bagikan uwang sajah dari pada makanan beracun basi uangnya saja,0
itu jika pemerintah tidak mau dengar keritikan pokisnya cari cara buat memperkaya bulan meperbaiki negara,0
koruptor makmur ketawa jaya di tanah air petani gigit jari,0
harusnya si prabowo dan partai gerindra perintahkan penyelidikan sampai tahun 2029 spy banyak hasilnya untuk tahun 2029,1
kan tolol ya underpricing terjadi karena pajak singapura lebih rendah kenapa tidak turunkan saja pajaknya sama dengan singapura sehingga pengusaha tidak perlu lagi main kucing2an tidak butuh tuh mndirikan sdi ada jalan mudah ngapain pake jalan susah justru terbaca kita ini lagi bangun keruk korupsi model baru,0
satu satunya jalan keluar sekarang putihkan nama masyarakat yang rusak di bank lantaran sepi dan kasi kita pinjem dana kur dan turunkan harga barang dan pajek dan minyak,1
lebih baik deflasi daripada inflasi kita punya pemasukan dari sda melimpah dan punya sistem ekonomi campuran jangan anggap indonesia hanya jakarta raya maen kamu kurang jauh woy otak mana nih,1
program abal abal anakku tidak sudi makan gratis karena itu uang rakyat,0
rapat rapat baik di kota maupun didesa oleh pihak pemerintah di bidang apapun,2
setuju harus dikawal ampe beneran kerasa dampaknya,1
nah ini yang heran tempat jajan full terus mau makan saja skrg males waiting list ni dollar naik ko orang pada banyak uang yah,0
semua menterinya prabowo useless spt menkeu ini,0
tidak usah bagaimana nyari duit lagi susah susahnya bahan pokok pada naik apa yang ada dipikiranmu wahai pemerintah,0
makan bergizi gratis stoopp kebijakan kebijakan yang mubazir stoopp subsidi full kebutuhan rakyat,0
kalau indonesia tidak dibebaskan dari barang masuk ke uni eropa yang rugi uni eropa sendiri karena uni eropa tidak bisa lepas dari barang dari indonesia kalau tetap kenakan tarif masuk 80 % akibatnya yang dirugikan industri dan rakyat uni eropa sendiri harga barang jadi melambung tinggi,0
apa saja bakal dilakukan oleh prabowo asalkan dapat popularitas,2
saya yang nyicil big bang dari januari 2026 smpai sekarang tidak per cut los dan terus nyicil karna saya pribadi mau koleksi ibarat orang hobi beli mobil saya koleksi saham sekarang masih mines 12% rata rata,0
untuk kedepannya diharapkan agar perekonomian indonesia dapat segera pulih dan membaik,1
stop korupsi para pejabat para pengusaha stop under invoicing stop buka kantor pusat di singapura enak bener singapura dapat pajak ekspor dari sda kita,1
tenang uang pejabat banyak dan mrk tidak pusing karna mrk di gaji rakyat segala keperluan mrk rakyat yang harus penuhi tenang,0
nantaankay001 ih iya bener pinter banget sampai ke bo ol,2
efek domino blokade amerika thdp iran buat rupiah babak belur thdp dollar,0
negara lumbung beras infor beras,0
para pejabat sudah punya insting tingkat dewa sejak lama bagaimana mencari celah bisa go garung n nyolong mereka sangat profesional sbg siluman,0
dah diblg swasembada di gudang bulog,1
dengar itu pak yang berkumis,2
kenpa nilai rupiah sangat rendah itu krna indonesia terlalu bergantung dengan negara lain alias kebanyakan impor di banding ekspor dn kebanyakn hutang di luar negri,0
jangan percaya omongan bahlil mau saja di bohongin pejabat,0
jangan jadi katak dalam tempurung kamu kira indonesia cuma punya 2 tanker minyak anda terlalu lama hidup di goa,1
si waw waw masih sibuk makan bergizi gratis,0
iya kok bisa ada orang nyimpan 1 t dirumah ini baru level hakim bagaimana yang lebih tinggi y,0
penyebab utama defisit 1 kementerian badan gizi negara overbudget 2 danantara 3 kementerian koperasi 4 kementerian pertahanan,0
dalam nama tuhan yesus lulus nanti bisa kerja di pelindo atau subholdingnya amin,2
disebab kan pakar ekonomi indonesia terlalu memikir ekonomi malaysia alhamdulilah sebab tu mata uang kami naik,2
kalau resedi mau terjadi hanya di indonesia itu tidak mungkin brur kalau mau resedi dunia itu baru mungkin jadi bukan cuma indonesia jadi jangan berpikiran kredil untuk menakuti rakyat,1
dengar ucapan menkeu dia cuma bisa menyalahkan orang lain memang rumor adalah satu satunya penyebab ihsg anjlok punya menkeu kok cuma begini,0
maaf pak pur buktikan rupiah sekarang brp pemerintah omong omong makan bergizi gratis gajelas rakyat kecil tercekik pengangguran dari sabang ampe meroke orang kecil tidak boleh usaha koprasi angkutan jakarta ini 90 persen rakyat kecil yng printis pak sekarang dikuasai pemilik modal amat jiadab tolong papresiden rakyat kamu dah berjuang gadianggap ingat cepat lambat kita pasti mati dikasih wewenang sewenang sewenang 30ribu kurang lebih anggota tidak jelas hidupnya ini lebih jiadab dari israel,0
makan bergizi gratis ipo saja biar ihsg melejit,1
98 2013 stabil 2014 2026 naek hm mulai era nya sapa tuuhh,2
pikirkan dl jangan di ulangi 2015 2019 2024 kekayaan alam indonesia banyak yang ompong batu bara tambang emas nikel sawit tanah rakyat indonesia asli di kuasai jutaan orang wna tiongkok,0
1 pintu bengkak di biaya distribusi bukan japan pulau dan singapura pulau secuil,0
tidak usah panik ada prabowo mau bikin indonesia rata dengan tanah,2
negara asing lebih suka negara demokrasi yang tercermin di kebijakan fiskalnya,0
purbaya lebih cocok jadi jubir drpd menkeu karena omon2nya besar,0
pak pur pak l n itu setiap 2 bln perilla jangan setiap lapona rugi terus,0
pasrah saja aku la sebagai rakyat kecil,0
saya pemula yang bingung banget liat porto mau cut loss sedih m tapi yudah yok optimis,0
kebanyakan rakyat awam masih meremehkan naiknya harga dollar kalau negara sudah tidak kuat dan kolaps kamu yang tadinya bisa makan nasi bakal kena busung lapar karena tidak bisa makan akhirnya terpaksa merampok dan menjarah kamu yang tadinya enak ngantor di posisi aman tiba dipecat usaha kamu yang tadinya rame tiba sepi dan kulkas kamu penuh dengan bahan makanan basi sudah gitu baru lah rame nangis msh bisa bercanda kamu,0
senang bisa satu negara dengan kalian semoga tuhan melindungi kita may god save us,1
kualitas nya jauh dibawah sri,2
menteri paling jumawa dikasih hukuman sama yang diatas,0
pemerintah sekarang ini pemerintah yang egois minta investor dan rakyat banyak untuk memahami mereka bukannya pemerintah yang harus memahami rakyatnya dan investornya sungguh sangat membagongkan,0
pemerintah tau nya joget makan bergizi gratis sama jalan jalan,0
turunkan bi rate kucurkan uang ke rakyat jangan di kumpulin di bang sentral rakyat sengsara,0
ayo pak bongkar saja anda jenderal tak perlu takut,2
kita indonesia neg sdg berkembang bu sehingga kalau neg lain implasi level tengah kita indonesia level bawah sebab kita indonesia sedang berkembang alias layu sebelum berkembang coba bentu tim khusus dari pusat tlg surve kepelosok desa diindonesia orang orang didesa sudah ditingkat kelaparan ini tidak lagi cerita kemiskinan bu sudah dilevel kelaparan sedih bu ini bkn hoak nyata fakta yang sudah ada saya harafkan tlg bu dan bapak bapak yang ada dipusat selaku kami anak anak bangsa juga atas nama rakyat indonesia atasilah sedini mungkin perekonomian rakyat miskin lagi sedg kelaparan mksh wslm dari aceh,0
malaydesh nak klaim durian boleh,2
lebih bagus buat program pendidikan gratis,0
konten yang sangat bermanfaat bisa di cerna otak saya yang awam indonesia butuh konten konten serupa tidak hanya komedi dan receh yang di bahas sampai sampai pemimpin pemimpin di negri ini juga mengambil keputusan seperti lelucon dan guyonan yang sangat meresahkan masyrakat,2
dulu over confidence sekarang jdi bingung tpi tetap dia tidak mengakui menolak kalau kinerja pemerintah khusus ekonomi sudah tidak dipercaya passr dan investot,0
udahan jokowi nya juga terwok,2
apa bedanya ini dengan penjajahan bedanya orang bali sendiri membantu bule supaya warga lokal dan warga negara indonesia dijajah,2
purbaya itu sudah benar apa yang di ucapakan negara ini dalam keadaan aman jadi jangan sok tau ferry,1
negeri yang paling iri konohadesh jawadesh suka hina negara orang lain pacarsiladesh yang tak boleh pakai raja kurapsi dunia,2
isu asing adalah isu yang di mainkan oleh rezim prabowo gibran dalam mengubur perbuatan jahat yang di mainkan oleh pemerintah terhadap publik,0
orang desa tidak main saham apalagi dollar kata ceo makan bergizi gratis,0
laporan akhir tahun 2025 to padahal pelemahan rupiah baru 2 3 bulan teralhir,0
makan bergizi gratis di jakarta korupsi begitu apa lagi di daerah daerah apalagi banyak kantin sekolah tutup dan banyak lagi tidak terhitung,0
suram wajah purbaya makin kurus,2
pemerintah bakal bilang semua baik baik saja mereka tidak peduli sama orng bawah dan lucunya kita dituntut untuk percaya intinya kami sudah tidak percaya,0
bukan gt konsepnya emas itu investasi terbaik jangka panjang,2
terus mencetak uang adalah penyebab terbesar inflasi,2
kebanyakan libur cuti bersama juga bikin rupiah makin ancur,2
meskipun china memiliki sistem politik yang otoriter investor global menyukai prediktabilitas ketegasan china dalam mengeksusi pejabat yang korup memberikan sinyal bahwa kontrak bisnis strategis dilindungi oleh negara dari gangguan korupsi lokal sementara di indonesia nepotisme dan proteksi kekuasaan justru menciptakan biaya siluman yang tidak bisa diprediksi secara matematis dalam rencana bisnis sadari itu wahai penjajah indonesia,2
cepat saja dollar 25000 atau 30000 ini neg sudah parah masyarakat dah pusing survei saja ke bawah spt kata prof fl,0
kenapa pejabat indonesia tak takut salah dan dosa karena kebanyakan pejabat punya salah dan dosa bisa dihapus dengan doa makanya pejabat kebanyakan jadi bejat,2
bukannya mereka yang milih si prabowo,2
dampak terlalu tertutup pemerinth dan sarat angka angka ekonomi yang trliht pencitraan dan polesan omongan besar tanpa tindakn yang nyata alias pembodohan publik dan rakyt kecil,0
kemampuan indonesia berteman dengan semua negara adidaya adalah modal yang amat mahal yang di miliki indonesia bagi pengusaha stabilitas dan keamanan adalah kunci kemajuan dan indonesia memiliki semua yang di harapkan semua perusahaan di dalam dan luar negeri untuk ekspansi dan membuka usaha good job pak prabowo,1
ogah pake produk pemerintah tidak ada yang beres,0
mentrinya bingung wajar berarti dia kerja dari pada diem diem jeblok tanpa komunikasi,0
darimana bi memberikan bunga kepada bank komersil sementara bi tidak ada usaha menyalurkan kredit seperti bank komersil hanya menstabilkan inflasi saja itu artinya pendapatan bi kan sedikit kecuali kalau dia meminjamkan uang kepada bank komersil tapi kalau lagi ada inflasi kan justru malah menarik uang dari bank komersil apa dari mencetak uang,0
masalahnya tidak ada trust di market ihsg saat ini :,2
kenapa harus panik kita semua masih baik saja,1
prabowo persiden berhasil membangun makan bergizi gratis dng paguyupan dosa yang membara di mana mana,0
mantab ai tidak bisa di bohongi,2
suara rakyat tak disuarakan dpr dpr kerjanya membiarkan pemerintah menghamburkan uang negara karena dpr juga dapat jatah ya,0
buat anggaran kacau memo dari omong omong,2
skrng tambah parah siapa yang pilih 02 ini pemimpin kalian yang cuma bikin sengsara rakyat,0
kembalikan uud kpk biar ganas memberantas koruptor di badan anggota dpr,0
sudah tidak ada yang bilang kita kan join brics,2
kebijakan satu pintu panda bond mengganti gas lpg ke cng yang tidak dibeli lagi dari dollar serta b50 itu kamu anggap apa matamu saja yang sok bisa kasih solusi,1
tidak guna si makan bergizi gratis,0
rezim maling sungguh memalukan negara luar tidak percaya sama prabowo rezim maling,0
wah makasih penjelasannya penjelasannya mudah dipahami,2
bi saja keponakan bowo kww hancur hncur,0
tidak lama lagi hanya dengan 5 dollar amerika setara dengan uang 100 ribu rupiah setelah itu bubar deh indonesia,0
apakah ini tanda tanda gejala prabowo akan terguling seperti soeharto di 1998 dulu jaman soeharto lengser rupiah rp 17000,0
sebagai rakyat indonesia kami merasa dikhianati presiden ini yang katanya mencapai swasembada beras tetapi mengimpor beras dari asing,0
bahlil super tolol kalau beli ke amerika di amerika za harga bbm mahal paling mahal dalam sejarah amerika,0
pajak bangunan dan bumi belum masuk semoga pak menteri ini lbh baik dari sri mulyani jika tidak maka pak menteri harus rela melepas jabatan untuk apa punya menteri kalau tidak bisa menyusun apbn dengan baik semoga pak menteri bukan jadi kasir,1
pemerintah dan bank indonesia tidak tinggal diam berbagai langkah mitigasi taktis dan intervensi pasar terus dilakukan untuk menjaga agar stabilitas harga barang pokok tetap aman,1
sejak mundurnya sri mulyani dan dilantiknya purabaya saat itu sudah saya kkomentari katakan bahwa mentri purabaya harus mengasa otak yang tajam untuk menghadapi badai yang akan datang ke depan sekarang apa jadinya,1
nampaknya presiden kalian pun dah angkat tangan melindungi mereka saking gass poll ugal ugalan kebal hukum,2
bagi kan kompor induksi untuk kurangi lpg sejak jokowi sampai skrg tidak direalisasikan,0
pidatonya harusnya berapi api volumenya agak lebih tinggi biar terkesan semangat sekali,1
karna rakyat sudah banyak yang brisik k makan bergizi gratis parpol mulai berkotek kotek dari awal program kok diam pahlawan kesiangan ini parpol e,0
mereka para bandit mentri menteri nya mereka hanya mentingin kan partai politik nya dan kelompok biadab ya perlu reformasi jilid 2,0
yang di potong yang katanya mau kasih ke yayasan 6juta perhari saja,2
untuk menyelesekn soal yang sulit butuh orang yang pinter bukan orang yang bodoh,2
tidak taulah apa kerjanya para wakil dan para pemimpin kita indonesia tuh kok makin lemah makin loyo menghadapi dinamika politik regional dan internasional seolah seolah orang orang pi ter di kita itu kata ya banyak kok ya indonesia otu lemah banget di goyang dikit rupian anjok divoyang dikit bbm naik di goyang dikit kerusuhan,0
maling maling ternyata kmu biarkan fakta menteri menteri maling dibiarkan,0
request pak prabowo minta mekanik pakistan juga saya yakin 1000% minat anak muda disini sangat bnyak apalagi bisa terjun di sekolah beeuuh,1
tidak ush pusing presidenkan bilang orang desa tak pakai dollar,0
jadi tau kan kenapa rupiah itu semakin melemah karena presiden mengambil keputusan keputusan yang membuat investor tidak percaya seperti gabung boc jual data ktp ke amerika militer amerika bebas akses udara indonesia walau masih wacana dan terutama di dalam negeri itu masalah mgb yang tidak membuat percaya rakyat membuat dollar semakin meroket,0
tidak masuk akal makan bergizi gratis penggerak ekonomi indonesia bagaimana bisa uang negara dihambur hamburkan untuk makan bergizi gratis yang jelas jelas banyak praktek korupsinya indonesia belum siap untuk program seperti itu karena sdm nya juga belum siap,0
yang tips nomor 1 tidak minjemin duit itu dah lama kulakukan sih dengan alasan kyk gurgem bilang orang kita tu cenderung nganggap utang itu sbnrnya minta tanpa berniat balikin dah brp kl sodara ato temen kyk gt alesan terus pas ditagih,2
masyarakat kebelet harley kujang men,2
aku lebih setuju kalau di bubarkan,2
juni mesti naik lagi 50 basis point kalau rupiah masih di 17700 bi mau bikin rate spread minimum 2% dari fed rate supaya attract foreign capital,0
bagaimana sekolah sekolah banyak yang belum dapat nunggu prabowo lengser tidak dapat dapat makan bergizi gratis,0
dan ceo makan bergizi gratis punya rudal kuning dari konspirasi pejabat ingin cepat kaya,0
optimisme perlu dijaga karena berbagai indikator ekonomi indonesia masih menunjukkan ketahanan yang baik,1
mbak hera tuh ya bikin gemes,2
pemimpin yang tidak kompeten harga bahan naik tapi hrga rupiah menurun,0
yang tau demo beri ultimatum kuliah malas,2
bukan karena sorros cuman indonesia saja yang tidak pandai mengurus kewangannya pemerintah yang kotor hukum yang tidak jelas yang mendapat subsidi malah orang yang punya modol pikirkan pak mentri dan bu mentri dan para dpr dprd jangan ngurusi perut keluargamu saja kau dipilih untuk memperbaiki kesenjangan ekonomi supaya rakyat yang kau wakili bisa sejajar dengan yang lain dan ok,0
waduh akibat utang terllu bnyk ini,0
jangan terprovokasi faktanya fundamental ekonomi nasional masih terjaga stabil meski dihantam isu negatif,1
deplasi itu di indonesia bukan penurunan nilai mata uang tapi deplasi barang barang konsumtif maksudnya barang konsumtif menurun jumlahnya di pasar,2
tolong jangan di stop nanti apa lagi lahan koropsi buat kita boss,2
maaf kok di beritakn aktiv kembali sedangkan di desakan blm prnah menerima program ini yang tepatnya di jatim pamekasan proppo,0
sebelum kelaparan dan tidak siapa yang peduli yuk beli dollar ramai yang berbondong bondong beli stok makanan air obat benzin rupiah bakalin anjlok ke 23 ribu augustus nanti indonesia pasti tegang gawat ricuh rusuh,0
inilah yang di sebut omong omong,2
kalau mau selamatkan ekonomi salah satunya stop makan bergizi gratis ngabis2in anggaran,0
gila semua serba mahal sembako naik bayar listrik naik bayar air naik 2 kali lipat,0
apa orang yang berjejer itu pernah kelaparan semua jawaban baik karena makan mereka mewah mana mu makan tempe,0
saya tidk tau kalau pak purbaya menghadapi locdown tidk seambruk ini rupiah saya tidak bisa membayangkan kalau sudah purbaya menkeunya,0
baru omong omong doang kita lihat saja hasilnya apa papriknya saja tidak ada,0
wong cuma kertas bergambar usang saja di takuti usa kaya cuma jualan kertas,1
dibanding kawan dekat kawan jauh lebih aman kayaknya,2
muaranya itu tidak lain dan tidak bukan yang membuat ide makan bergizi gratis bpk joko widodo mantan pecundang presiden abal abal joko widodo,0
pembawa berita kayak ekonom saja bahasanya berpendapat sendiri cnn tukar tu orang,0
bagi orang luar indonesia mau inilah itulah terserah saja karena mereka sudah tidak percaya lagi pejabatnya pada bisa omong omong dan korupsinya makmur,0
kalau banyak yang tukar dollar ke rupiah bisa membuat angka rupiah bisa menguat,2
kontol umr di jkt saja cuma 5jtaan ngentodd pemerintah mikir tidak si hati nuraninya loh bajingan keparad,0
imbas perkataan orang desa tidak perlu dollar,2
bubarkan saja makan bergizi gratis,0
gratis memang ada yang gratis,2
hentikan makan bergizi gratis kasihan keuangan negara morat marit,0
bagus banget kebijakan yang ini tinggal makan bergizi gratis pak yang hrus tepat sasaran dn diberikan untuk yang benar benar membutuhkanz,1
fun fact: dasar hukum pelaksanaan makan bergizi gratis yaitu perpres nomor 83 tahun 2024 tentang badan gizi nasional badan gizi negara yang mana yang menetapkan peraturan tersebut adalah pria solo bisa dicek sendiri di jdih,2
rakyat indonesia juga yang doyan baju mer merk gaya walo bekas gaya no 1 bekas masa bodo,2
karma karena kalau orang indonesia pergi ke bali di sampahin lalu ada isu mereka nerima orang israel dan lupa mereka orang zionist itu kyk apa di bagian timur dan barat,2
silahkan main ke kantor jika ingin bertanya tanya mas alamat kantor ada di website ya,2
tanya dulu rakyat mu apakah mreka sudah sejahtra apakah sudah kenyang dan pastikan lh kalau indonesia mu sudah baik baik saja,0
kita sebenarnya belanja pakai rupiah yang jadi masalah kita mengimport makanan barang elektronik dsbnya dari luar negeri yang memakai dollar otomatis nilai rupiah tertekan oleh dollar amerika selain hal tersebut banyak yang mempengaruhi faktor inflasi tersebut seperti tidak ada kepastian hukum investor asing tidak ada yang nanam saham atau pun membangun pabrik di indonesia faktor kepercayaan orang luar negeri rendah terhadap indonesia baik masalah hukum dsbnya faktor paling kuat itu adalah korupsi merajalela disegala bidang di indonesia,0
teori ibuk tidak bisa dilaksanakan di indonesia jangan disamakan di jepang stop program makan bergizi gratis benahi dulu infra struktur terutama di daerah 2 masih banyak jalan 2 rusak yang harus di perbaiki kurangi pajak yang membebani rakyat ciptakan lapangan pekerjaan tingkatkan kesejahteraan rakyat dengan menaikkan upah gaji asn tni polri pak,0
kualat dengan menkeu yang digantikannya,2
bennix babi cuman bacot doang,0
bisnis goblok danantara harusnya hilirisasi pasir silika tehnologi apapun butuh pasir silika buat pabrik pengolahan silika untuk semikonduktor solar panel kaca yakin saya itu si ruslan di suap apple untuk jualin apple,0
negara tetangga akn panik bila komiditas idn jdi bisa mudah di nikmti dunia,1
intinya kalau kita bisa lbh mandiri maka mata uang akan menguat simple,1
akibat meng agung2kan wisatawan luarnegri bali tanahnya sudah jadi milik wna lokalnya jadi penyewa tamu,2
jelas skali makan bergizi gratis ini proyek korupsi berjamaah yang dilegalkan prabowo untuk pengumpulan dana kampanye pilpres mendatang,0
akibat suntikan dana 200t jadi banyak uang beredar dan nilai nya semakin lemah,0
presiden kluyuran di luar negeri tidak jelas,0
di badan gizi negara jangan sampai ada termul mulai dari kepala sampai bagian bawah haruslah orang orang profesional dan berintegritas jangan mikir untung dan bagi bagi proyek,0
mudah mudahan kita ini rakyat kecil harus selalu berdoa untuk negara ini supaya di berikan oleh allah kesabaran dan pejabat pejabat yang serakah pemimpin pemimpin yang tidak amanah hanya bisa omong omong tapi bohong tidak sesuwai dengan kenyataan cepat atau lambat pasti bakal cilaka mari kita berdoa untuk negara ini kita jaga n k r i ini,1
innalillahi wa inna ilaihi raji un,2
